{
  "current_task": 0,
  "fc_current_accuracies": [
    83.4
  ],
  "fc_cumulative_accuracies": [
    83.4
  ],
  "nms_current_accuracies": [
    84.1
  ],
  "nms_cumulative_accuracies": [
    84.1
  ],
  "performance_matrix": {
    "0": {
      "0": 83.4
    }
  },
  "forgetting_matrix": {
    "0": {
      "0": 0.0
    }
  },
  "loss_history": [
    [
      0.3221456170082092,
      0.28270386047661306,
      0.25835610926151276,
      0.24064382538199425,
      0.23472334519028665,
      0.21941065639257432,
      0.21171762198209762,
      0.1976007454097271,
      0.19811863973736762,
      0.1840331681072712,
      0.17583172135055064,
      0.17634513583034278,
      0.16352048479020595,
      0.16327431425452232,
      0.14673127215355636,
      0.14157751817256212,
      0.14179460965096952,
      0.14322222378104926,
      0.12147211171686649,
      0.1202289106324315,
      0.12524027600884438,
      0.11590381935238839,
      0.1366724019870162,
      0.11894703153520822,
      0.1083081377670169,
      0.10761290658265352,
      0.10868577472865582,
      0.0980016172863543,
      0.0959996567107737,
      0.09275892954319716,
      0.10430170809850096,
      0.08158705960959196,
      0.09361463785171509,
      0.09345483584329486,
      0.08125977087765932,
      0.06433129515498877,
      0.07290356596931816,
      0.11570349298417568,
      0.0808343849144876,
      0.06660466967150569,
      0.07389562120661139,
      0.07667259229347109,
      0.0733414739370346,
      0.06073799906298518,
      0.08769608046859503,
      0.06726412884891034,
      0.0543134234379977,
      0.04326656577177346,
      0.09228406930342317,
      0.04601669670082629,
      0.037908258382231,
      0.03343305219896138,
      0.028060840768739582,
      0.024855665303766726,
      0.027033614972606302,
      0.02589047118090093,
      0.02249622226227075,
      0.020145893632434308,
      0.018576321459840985,
      0.02472771438769996,
      0.024128780723549424,
      0.018436853191815317,
      0.0213140964275226,
      0.019512767624109983,
      0.015049098210874945,
      0.015740236616693437,
      0.013755449582822621,
      0.01927617035107687,
      0.014757123880553991,
      0.01317653754958883,
      0.014795209525618701,
      0.015342631959356368,
      0.014378236886113883,
      0.013074972108006478,
      0.015121923841070384,
      0.012040189042454585,
      0.01064276706892997,
      0.010762883711140602,
      0.012795160221867264,
      0.012945871637202799,
      0.012399251945316792,
      0.0104881321080029,
      0.01282792465062812,
      0.016442448808811606,
      0.010636177111882717,
      0.012545756483450531,
      0.010762451856862754,
      0.010143261757912114,
      0.012200971134006977,
      0.010477701423224062,
      0.012453325325623155,
      0.009951572923455387,
      0.01123955066432245,
      0.011467201594496147,
      0.013604872464202344,
      0.009502133523346857,
      0.011179440619889647,
      0.010303986561484634,
      0.00933900669333525,
      0.010061163088539615
    ]
  ],
  "hyperparameters": {
    "task_size": 10,
    "memory_size": 2000,
    "batch_size": 128,
    "epochs": 100,
    "learning_rate": 2.0
  }
}