{
  "current_task": 5,
  "fc_current_accuracies": [
    83.4,
    29.4,
    33.6,
    25.3,
    24.4,
    28.8
  ],
  "fc_cumulative_accuracies": [
    83.4,
    47.599999999999994,
    33.93333333333333,
    21.975,
    17.48,
    15.0
  ],
  "nms_current_accuracies": [
    84.1,
    52.5,
    51.7,
    53.9,
    50.6,
    52.5
  ],
  "nms_cumulative_accuracies": [
    84.1,
    57.4,
    46.4,
    38.325,
    31.139999999999997,
    28.316666666666666
  ],
  "performance_matrix": {
    "0": {
      "0": 83.4,
      "1": 65.8,
      "2": 48.8,
      "3": 36.5,
      "4": 28.7,
      "5": 20.4
    },
    "1": {
      "1": 29.4,
      "2": 19.4,
      "3": 8.1,
      "4": 5.0,
      "5": 3.3
    },
    "2": {
      "2": 33.6,
      "3": 18.0,
      "4": 15.6,
      "5": 16.5
    },
    "3": {
      "3": 25.3,
      "4": 13.7,
      "5": 8.3
    },
    "4": {
      "4": 24.4,
      "5": 12.7
    },
    "5": {
      "5": 28.8
    }
  },
  "forgetting_matrix": {
    "0": {
      "0": 0.0,
      "1": 17.60000000000001,
      "2": 34.60000000000001,
      "3": 46.900000000000006,
      "4": 54.7,
      "5": 63.00000000000001
    },
    "1": {
      "1": 0.0,
      "2": 10.0,
      "3": 21.299999999999997,
      "4": 24.4,
      "5": 26.099999999999998
    },
    "2": {
      "2": 0.0,
      "3": 15.600000000000001,
      "4": 18.0,
      "5": 17.1
    },
    "3": {
      "3": 0.0,
      "4": 11.600000000000001,
      "5": 17.0
    },
    "4": {
      "4": 0.0,
      "5": 11.7
    },
    "5": {
      "5": 0.0
    }
  },
  "loss_history": [
    [
      0.3221456170082092,
      0.28270386047661306,
      0.25835610926151276,
      0.24064382538199425,
      0.23472334519028665,
      0.21941065639257432,
      0.21171762198209762,
      0.1976007454097271,
      0.19811863973736762,
      0.1840331681072712,
      0.17583172135055064,
      0.17634513583034278,
      0.16352048479020595,
      0.16327431425452232,
      0.14673127215355636,
      0.14157751817256212,
      0.14179460965096952,
      0.14322222378104926,
      0.12147211171686649,
      0.1202289106324315,
      0.12524027600884438,
      0.11590381935238839,
      0.1366724019870162,
      0.11894703153520822,
      0.1083081377670169,
      0.10761290658265352,
      0.10868577472865582,
      0.0980016172863543,
      0.0959996567107737,
      0.09275892954319716,
      0.10430170809850096,
      0.08158705960959196,
      0.09361463785171509,
      0.09345483584329486,
      0.08125977087765932,
      0.06433129515498877,
      0.07290356596931816,
      0.11570349298417568,
      0.0808343849144876,
      0.06660466967150569,
      0.07389562120661139,
      0.07667259229347109,
      0.0733414739370346,
      0.06073799906298518,
      0.08769608046859503,
      0.06726412884891034,
      0.0543134234379977,
      0.04326656577177346,
      0.09228406930342317,
      0.04601669670082629,
      0.037908258382231,
      0.03343305219896138,
      0.028060840768739582,
      0.024855665303766726,
      0.027033614972606302,
      0.02589047118090093,
      0.02249622226227075,
      0.020145893632434308,
      0.018576321459840985,
      0.02472771438769996,
      0.024128780723549424,
      0.018436853191815317,
      0.0213140964275226,
      0.019512767624109983,
      0.015049098210874945,
      0.015740236616693437,
      0.013755449582822621,
      0.01927617035107687,
      0.014757123880553991,
      0.01317653754958883,
      0.014795209525618701,
      0.015342631959356368,
      0.014378236886113883,
      0.013074972108006478,
      0.015121923841070384,
      0.012040189042454585,
      0.01064276706892997,
      0.010762883711140602,
      0.012795160221867264,
      0.012945871637202799,
      0.012399251945316792,
      0.0104881321080029,
      0.01282792465062812,
      0.016442448808811606,
      0.010636177111882717,
      0.012545756483450531,
      0.010762451856862754,
      0.010143261757912114,
      0.012200971134006977,
      0.010477701423224062,
      0.012453325325623155,
      0.009951572923455387,
      0.01123955066432245,
      0.011467201594496147,
      0.013604872464202344,
      0.009502133523346857,
      0.011179440619889647,
      0.010303986561484634,
      0.00933900669333525,
      0.010061163088539615
    ],
    [
      0.10747242271900177,
      0.0844111680984497,
      0.07813997119665146,
      0.0755758079700172,
      0.07305610347539186,
      0.06997470036149026,
      0.06652282439172268,
      0.06411701058968902,
      0.06283473586663604,
      0.06346609257161617,
      0.057179422862827775,
      0.056371502205729486,
      0.055406450666487216,
      0.05662645753473043,
      0.05884903511032462,
      0.051179735269397494,
      0.05055774860084057,
      0.052416669111698865,
      0.050059301499277356,
      0.0508697328157723,
      0.04744167691096664,
      0.04891277188435197,
      0.051407637912780045,
      0.04750516479834914,
      0.04345076642930508,
      0.042729437723755835,
      0.040814053174108265,
      0.03854100266471505,
      0.03847696203738451,
      0.03766307616606355,
      0.03811025354079902,
      0.03908799714408815,
      0.03560435469262302,
      0.03510796763002873,
      0.03922747587785125,
      0.03671119846403599,
      0.033285960042849186,
      0.05014951024204493,
      0.043802030943334104,
      0.04112091846764088,
      0.03652981948107481,
      0.049190723616629836,
      0.04724380075931549,
      0.03962481757625937,
      0.03409896600060165,
      0.03303601420484483,
      0.040505733760073784,
      0.033076895587146285,
      0.050240121129900214,
      0.03557562152855098,
      0.034585489286109806,
      0.03189864782616496,
      0.032149532344192266,
      0.03142882515676319,
      0.03187453132122755,
      0.0301268111448735,
      0.02948121475055814,
      0.028615798614919186,
      0.02926636771298945,
      0.028033637115731834,
      0.027890028012916446,
      0.02827843986451626,
      0.027785535994917156,
      0.027796903206035495,
      0.027318598097190262,
      0.02837821771390736,
      0.02756228931248188,
      0.027355310739949346,
      0.027188647538423538,
      0.028986381459981204,
      0.027537309937179087,
      0.02718436438590288,
      0.027366616949439048,
      0.027040162216871978,
      0.0270620315335691,
      0.028722151461988688,
      0.02755421996116638,
      0.027417907444760203,
      0.026994768204167484,
      0.026665570493787528,
      0.027320336410775782,
      0.027436160761862994,
      0.028210549615323544,
      0.026441020565107463,
      0.026846489449962974,
      0.02709090607240796,
      0.026832728227600456,
      0.027243351424112917,
      0.02724628965370357,
      0.026379456743597984,
      0.02659512902610004,
      0.02630089926533401,
      0.02674135845154524,
      0.026594473235309123,
      0.027917047776281834,
      0.027070089289918543,
      0.027131724776700138,
      0.026939436653628947,
      0.026821449818089604,
      0.02669076337479055
    ],
    [
      0.07816193215548992,
      0.061277576442807916,
      0.05758592849597335,
      0.05546894120052457,
      0.05263829529285431,
      0.052373028639703986,
      0.051758444774895905,
      0.051263864152133465,
      0.04757982734590769,
      0.04636977557092905,
      0.045744239911437036,
      0.04435572037473321,
      0.04359194748103619,
      0.0441894075833261,
      0.04187081381678581,
      0.04266086425632239,
      0.04147958401590586,
      0.03986472683027387,
      0.03861237773671746,
      0.038581255450844766,
      0.038012810703367,
      0.03791265357285738,
      0.03643879722803831,
      0.03703323844820261,
      0.03579051266424358,
      0.03498916951939464,
      0.03501999243162572,
      0.03452351531013846,
      0.03419770449399948,
      0.0332027536816895,
      0.03441873858682811,
      0.03356989067979157,
      0.0371934148017317,
      0.035912509495392445,
