{
  "current_task": 1,
  "fc_current_accuracies": [
    87.5,
    65.0999984741211
  ],
  "fc_cumulative_accuracies": [
    87.5,
    73.79999923706055
  ],
  "nms_current_accuracies": [
    87.69999694824219,
    72.19999694824219
  ],
  "nms_cumulative_accuracies": [
    87.69999694824219,
    76.25
  ],
  "performance_matrix": {
    "0": {
      "0": 87.5,
      "1": 82.5
    },
    "1": {
      "1": 65.0999984741211
    }
  },
  "forgetting_matrix": {
    "0": {
      "0": 0.0,
      "1": 5.0
    },
    "1": {
      "1": 0.0
    }
  },
  "loss_history": [
    [
      0.4404374949634075,
      0.3026840500533581,
      0.29086417332291603,
      0.2793369084596634,
      0.2817350685596466,
      0.2727549962699413,
      0.253750829026103,
      0.2459228217601776,
      0.24733938463032246,
      0.24121332094073294,
      0.22120633013546467,
      0.21572795547544957,
      0.2095776841044426,
      0.191817582026124,
      0.19205228462815285,
      0.1809549778699875,
      0.1901187773793936,
      0.17650438398122786,
      0.18197215013206006,
      0.16100410874933005,
      0.15757638458162546,
      0.15685400497168303,
      0.15001577250659465,
      0.13876653835177422,
      0.14423854798078536,
      0.13519232403486967,
      0.13086349684745074,
      0.11845657732337714,
      0.13036897797137498,
      0.12671933081001044,
      0.11524581331759691,
      0.10839327126741409,
      0.13579362481832505,
      0.11044737063348294,
      0.10723191723227501,
      0.11455629114061594,
      0.10003717280924321,
      0.0973283820785582,
      0.10225276807323098,
      0.09912558253854513,
      0.08028770498931408,
      0.09544915929436684,
      0.09003420770168305,
      0.08499543471261858,
      0.07949866903945804,
      0.07156818164512516,
      0.09651551675051451,
      0.06826717681251467,
      0.0575903452001512,
      0.04683299884200096,
      0.042085133213549855,
      0.04108898970298469,
      0.03779932165052742,
      0.03739783032797277,
      0.03603648222051561,
      0.03413397669792175,
      0.03400791441090405,
      0.032823326019570234,
      0.037954500410705805,
      0.03284353255294263,
      0.031053289072588086,
      0.036001880979165436,
      0.03188998550176621,
      0.032145397178828715,
      0.031551337870769205,
      0.028282607323490083,
      0.027251617680303753,
      0.02797809480689466,
      0.030347769125364722,
      0.02827199539169669,
      0.029212679527699948,
      0.02596533272881061,
      0.02956617474555969,
      0.02881290055811405,
      0.02933194921351969,
      0.03172629214823246,
      0.029499878734350206,
      0.02670561131089926,
      0.02885119295679033,
      0.028949800156988205,
      0.026757213147357108,
      0.028156432788819075,
      0.02849158882163465,
      0.028948061750270426,
      0.02782535068690777,
      0.034499010629951955,
      0.026617526751942934,
      0.026495083305053412,
      0.025955657102167608,
      0.026909109391272067,
      0.029127065651118757,
      0.02635248869191855,
      0.026828577322885395,
      0.02879528501071036,
      0.03205502026248723,
      0.030378418508917093,
      0.02545818514190614,
      0.025237842823844402,
      0.026205908693373203,
      0.02787161786109209
    ],
    [
      0.15570252700285478,
      0.136545032127337,
      0.12894484224644573,
      0.12279229042204944,
      0.11878835707902909,
      0.11543462926691228,
      0.11139801957390526,
      0.1084513714367693,
      0.10555511645295403,
      0.10422225255857814,
      0.10085879808122461,
      0.09846512363715605,
      0.09598270085724918,
      0.09313481260429729,
      0.09214586453004317,
      0.08997829542918638,
      0.08800816251472994,
      0.08625553846359253,
      0.08394993624903939,
      0.08299600305882367,
      0.08194377584890886,
      0.0809905778278004,
      0.07879786843603308,
      0.07817033895037391,
      0.07698466073382984,
      0.076742200282487,
      0.07386985245076093,
      0.07255890017206018,
      0.07104107737541199,
      0.0702091514386914,
      0.07000020308928057,
      0.06823763745752248,
      0.06719556261192669,
      0.06693447787653316,
      0.06495418805967677,
      0.06339514458721335,
      0.06453320255333728,
      0.06342277885837988,
      0.06241260882128369,
      0.062406485189091074,
      0.06205553188920021,
      0.06045867841352116,
      0.05921013903888789,
      0.0598622015254064,
      0.059803218529983,
      0.05924244346943769,
      0.05869757614352487,
      0.05805858461694284,
      0.054452603310346605,
      0.051916882395744324,
      0.052271607653661206,
      0.052162428945302965,
      0.05150334916331551,
      0.0515113351019946,
      0.051539669118144296,
      0.05109615441073071,
      0.05090784030881795,
      0.0501938825303858,
      0.05055055550553582,
      0.050526054542173036,
      0.05083241828463294,
      0.05082817145369269,
      0.04996722970496525,
      0.050131261958317325,
      0.05034655650908297,
      0.05006960515271534,
      0.05021526508710601,
      0.050255602327260104,
      0.04972892241044478,
      0.04957130869681185,
      0.050205321745439006,
      0.049705470624295145,
      0.04970671297474341,
      0.04980933036316525,
      0.049588562819090756,
      0.04935337230563164,
      0.04985297965732488,
      0.05000205039978027,
      0.05007531934163787,
      0.050157020647417415,
      0.049631565267389474,
      0.04946477704427459,
      0.049681733345443554,
      0.049525678835131905,
      0.049513143368742685,
      0.049965790794654324,
      0.04963942976160483,
      0.049593000520359386,
      0.04969198852777481,
      0.049536872045560315,
      0.04958613426847892,
      0.049688246778466484,
      0.0495626376433806,
      0.049758993089199066,
      0.0495580757883462,
      0.04938658875497905,
      0.0500298028642481,
      0.050079127062450754,
      0.049921974607489324,
      0.04966197284785184
    ]
  ],
  "hyperparameters": {
    "task_size": 10,
    "memory_size": 2000,
    "batch_size": 128,
    "epochs": 100,
    "learning_rate": 2.0
  }
}