{
  "current_task": 0,
  "fc_current_accuracies": [
    87.5
  ],
  "fc_cumulative_accuracies": [
    87.5
  ],
  "nms_current_accuracies": [
    87.69999694824219
  ],
  "nms_cumulative_accuracies": [
    87.69999694824219
  ],
  "performance_matrix": {
    "0": {
      "0": 87.5
    }
  },
  "forgetting_matrix": {
    "0": {
      "0": 0.0
    }
  },
  "loss_history": [
    [
      0.4404374949634075,
      0.3026840500533581,
      0.29086417332291603,
      0.2793369084596634,
      0.2817350685596466,
      0.2727549962699413,
      0.253750829026103,
      0.2459228217601776,
      0.24733938463032246,
      0.24121332094073294,
      0.22120633013546467,
      0.21572795547544957,
      0.2095776841044426,
      0.191817582026124,
      0.19205228462815285,
      0.1809549778699875,
      0.1901187773793936,
      0.17650438398122786,
      0.18197215013206006,
      0.16100410874933005,
      0.15757638458162546,
      0.15685400497168303,
      0.15001577250659465,
      0.13876653835177422,
      0.14423854798078536,
      0.13519232403486967,
      0.13086349684745074,
      0.11845657732337714,
      0.13036897797137498,
      0.12671933081001044,
      0.11524581331759691,
      0.10839327126741409,
      0.13579362481832505,
      0.11044737063348294,
      0.10723191723227501,
      0.11455629114061594,
      0.10003717280924321,
      0.0973283820785582,
      0.10225276807323098,
      0.09912558253854513,
      0.08028770498931408,
      0.09544915929436684,
      0.09003420770168305,
      0.08499543471261858,
      0.07949866903945804,
      0.07156818164512516,
      0.09651551675051451,
      0.06826717681251467,
      0.0575903452001512,
      0.04683299884200096,
      0.042085133213549855,
      0.04108898970298469,
      0.03779932165052742,
      0.03739783032797277,
      0.03603648222051561,
      0.03413397669792175,
      0.03400791441090405,
      0.032823326019570234,
      0.037954500410705805,
      0.03284353255294263,
      0.031053289072588086,
      0.036001880979165436,
      0.03188998550176621,
      0.032145397178828715,
      0.031551337870769205,
      0.028282607323490083,
      0.027251617680303753,
      0.02797809480689466,
      0.030347769125364722,
      0.02827199539169669,
      0.029212679527699948,
      0.02596533272881061,
      0.02956617474555969,
      0.02881290055811405,
      0.02933194921351969,
      0.03172629214823246,
      0.029499878734350206,
      0.02670561131089926,
      0.02885119295679033,
      0.028949800156988205,
      0.026757213147357108,
      0.028156432788819075,
      0.02849158882163465,
      0.028948061750270426,
      0.02782535068690777,
      0.034499010629951955,
      0.026617526751942934,
      0.026495083305053412,
      0.025955657102167608,
      0.026909109391272067,
      0.029127065651118757,
      0.02635248869191855,
      0.026828577322885395,
      0.02879528501071036,
      0.03205502026248723,
      0.030378418508917093,
      0.02545818514190614,
      0.025237842823844402,
      0.026205908693373203,
      0.02787161786109209
    ]
  ],
  "hyperparameters": {
    "task_size": 10,
    "memory_size": 2000,
    "batch_size": 128,
    "epochs": 100,
    "learning_rate": 2.0
  }
}